ID,UNIT TYPE,COST,ZOPA LIMIT
a040I000025FbdgQAC,Car Parking,9999,7999
a040I000025FbdhQAC,Car Parking,9999,7999
a040I000025FbdiQAC,Car Parking,9999,7999
a040I000025FbdjQAC,Car Parking,9999,7999
a040I000025FbdkQAC,Car Parking,9999,7999
a040I000025FbdlQAC,Car Parking,9999,7999
a040I000025FbdmQAC,Car Parking,9999,7999
a040I000025FbdnQAC,Car Parking,9999,7999
a040I000025FbdoQAC,Car Parking,9999,7999
a040I000025FbdpQAC,Car Parking,9999,7999
a040I000025FbdqQAC,Car Parking,9999,7999
a040I000025FbdrQAC,Car Parking,9999,7999
a040I000025FbdsQAC,Car Parking,9999,7999
a040I000025FbdtQAC,Car Parking,9999,7999
a040I000025FbduQAC,Car Parking,9999,7999
a040I000025FbdvQAC,Car Parking,9999,7999
a040I000025FbdwQAC,Car Parking,9999,7999
a040I000025FbdxQAC,Car Parking,9999,7999
a040I000025FbdyQAC,Car Parking,9999,7999
a040I000025FbdzQAC,Car Parking,9999,7999
a040I000025Fbe0QAC,Car Parking,9999,7999
a040I000025Fbe1QAC,Car Parking,9999,7999
a040I000025Fbe2QAC,Car Parking,9999,7999
a040I000025Fbe3QAC,Car Parking,9999,7999
a040I000025Fbe4QAC,Car Parking,9999,7999
a040I000025Fbe5QAC,Car Parking,9999,7999
a040I000025Fbe6QAC,Car Parking,9999,7999
a040I000025Fbe7QAC,Car Parking,9999,7999
a040I000025Fbe8QAC,Car Parking,9999,7999
a040I000025Fbe9QAC,Car Parking,9999,7999
a040I000025FbeAQAS,Car Parking,9999,7999
a040I000025FbeBQAS,Car Parking,9999,7999
a040I000025FbeCQAS,Car Parking,9999,7999
a040I000025FbeDQAS,Car Parking,9999,7999
a040I000025FbeEQAS,Car Parking,9999,7999
a040I000025FbeFQAS,Car Parking,9999,7999
a040I000025FbeGQAS,Car Parking,9999,7999
a040I000025FbeHQAS,Car Parking,9999,7999
a040I000025FbeIQAS,Car Parking,9999,7999
a040I000025FbeJQAS,Car Parking,9999,7999
a040I000025FbeKQAS,Car Parking,9999,7999
a040I000025FbeLQAS,Car Parking,9999,7999
a040I000025FbeMQAS,Car Parking,9999,7999
a040I000025FbeNQAS,Car Parking,9999,7999
a040I000025FbeOQAS,Car Parking,9999,7999
a040I000025FbePQAS,Car Parking,9999,7999
a040I000025FbeQQAS,Car Parking,9999,7999
a040I000025FbeRQAS,Car Parking,9999,7999
a040I000025FbeSQAS,Car Parking,9999,7999
a040I000025FbeTQAS,Car Parking,9999,7999
a040I000025FbeUQAS,Car Parking,9999,7999
a040I000025FbeVQAS,Car Parking,9999,7999
a040I000025FbeWQAS,Car Parking,9999,7999
a040I000025FbeXQAS,Car Parking,9999,7999
a040I000025FbeYQAS,Car Parking,9999,7999
a040I000025FbeZQAS,Car Parking,9999,7999
a040I000025FbeaQAC,Car Parking,9999,7999
a040I000025FbebQAC,Car Parking,9999,7999
a040I000025FbecQAC,Car Parking,9999,7999
a040I000025FbedQAC,Car Parking,9999,7999
a040I000025FbeeQAC,Car Parking,9999,7999
a040I000025FbefQAC,Car Parking,9999,7999
a040I000025FbegQAC,Car Parking,9999,7999
a040I000025FbehQAC,Car Parking,9999,7999
a040I000025FbeiQAC,Car Parking,9999,7999
a040I000025FbejQAC,Car Parking,9999,7999
a040I000025FbekQAC,Car Parking,9999,7999
a040I000025FbelQAC,Car Parking,9999,7999
a040I000025FbemQAC,Car Parking,9999,7999
a040I000025FbenQAC,Car Parking,9999,7999
a040I000025FbeoQAC,Car Parking,9999,7999
a040I000025FbepQAC,Car Parking,9999,7999
a040I000025FbeqQAC,Car Parking,9999,7999
a040I000025FberQAC,Car Parking,9999,7999
a040I000025FbesQAC,Car Parking,9999,7999
a040I000025FbetQAC,Car Parking,9999,7999
a040I000025FbeuQAC,Car Parking,9999,7999
a040I000025FbevQAC,Car Parking,9999,7999
a040I000025FbewQAC,Car Parking,9999,7999
a040I000025FbexQAC,Car Parking,9999,7999
a040I000025FbeyQAC,Car Parking,9999,7999
a040I000025FbezQAC,Car Parking,9999,7999
a040I000025Fbf0QAC,Car Parking,9999,7999
a040I000025Fbf1QAC,Car Parking,9999,7999
a040I000025Fbf2QAC,Car Parking,9999,7999
a040I000025Fbf3QAC,Car Parking,9999,7999
a040I000025Fbf4QAC,Car Parking,9999,7999
a040I000025Fbf5QAC,Car Parking,9999,7999
a040I000025Fbf6QAC,Car Parking,9999,7999
a040I000025Fbf7QAC,Car Parking,9999,7999
a040I000025Fbf8QAC,Car Parking,9999,7999
a040I000025Fbf9QAC,Car Parking,9999,7999
a040I000025FbfAQAS,Car Parking,9999,7999
a040I000025FbfBQAS,Car Parking,9999,7999
a040I000025FbfCQAS,Car Parking,9999,7999
a040I000025FbfDQAS,Car Parking,9999,7999
a040I000025FbfEQAS,Car Parking,9999,7999
a040I000025FbfFQAS,Car Parking,9999,7999
a040I000025FbfGQAS,Car Parking,9999,7999
a040I000025FbfHQAS,Car Parking,9999,7999
a040I000025FbfIQAS,Car Parking,9999,7999
a040I000025FbfJQAS,Car Parking,9999,7999
a040I000025FbfKQAS,Car Parking,9999,7999
a040I000025FbfLQAS,Car Parking,9999,7999
a040I000025FbfMQAS,Car Parking,9999,7999
a040I000025FbfNQAS,Car Parking,9999,7999
a040I000025FbfOQAS,Car Parking,9999,7999
a040I000025FbfPQAS,Car Parking,9999,7999
a040I000025FbfQQAS,Car Parking,9999,7999
a040I000025FbfRQAS,Car Parking,9999,7999
a040I000025FbfSQAS,Car Parking,9999,7999
a040I000025FbfTQAS,Car Parking,9999,7999
a040I000025FbfUQAS,Car Parking,9999,7999
a040I000025FbfVQAS,Car Parking,9999,7999
a040I000025FbfWQAS,Car Parking,9999,7999
a040I000025FbfXQAS,Car Parking,9999,7999
a040I000025FbfYQAS,Car Parking,9999,7999
a040I000025FbfZQAS,Car Parking,9999,7999
a040I000025FbfaQAC,Car Parking,9999,7999
a040I000025FbfbQAC,Car Parking,9999,7999
a040I000025FbfcQAC,Car Parking,9999,7999
a040I000025FbfdQAC,Car Parking,9999,7999
a040I000025FbfeQAC,Car Parking,9999,7999
a040I000025FbffQAC,Car Parking,9999,7999
a040I000025FbfgQAC,Car Parking,9999,7999
a040I000025FbfhQAC,Car Parking,9999,7999
a040I000025FbfiQAC,Car Parking,9999,7999
a040I000025FbfjQAC,Car Parking,9999,7999
